impressed,0.001
furniture,0.002
'm,0.211
lock,0.001
locks,0.001
everything,0.013
key,0.001
joined,0.002
hope,0.017
/nham,0.001
gives,0.003
move,0.006
next,0.02
shopping,0.008
space,0.004
done,0.02
around,0.029
leave,0.027
remember,0.013
no..he,0.001
want,0.079
v,0.012
wow,0.01
funs,0.001
today,0.037
jenne,0.001
sorry,0.023
63miles,0.001
babe,0.017
man,0.012
hey,0.013
much,0.036
almost,0.007
hours,0.006
...,0.247
bored,0.01
's,0.157
good,0.057
u,0.219
4,0.067
thing,0.022
home..,0.001
said,0.027
ho,0.004
come,0.075
internet,0.003
love,0.04
hrs,0.004
2,0.099
40mph,0.001
k,0.063
3,0.021
ful,0.002
conform,0.001
gt,0.105
lt,0.106
no..its,0.001
lyrics..,0.001
song,0.002
mca,0.002
luv,0.013
think,0.055
english,0.001
work,0.04
2mrw,0.003
brolly,0.001
babes,0.003
wil,0.009
something,0.027
got,0.094
left,0.008
'll,0.09
bring,0.015
ur,0.074
franxx,0.001
stop,0.017
somewhere,0.003
only..,0.001
first,0.021
mins,0.007
change,0.009
tat,0.003
no..jst,0.001
putting,0.004
us,0.02
na,0.046
see,0.056
brum,0.001
soon,0.026
back,0.043
says,0.013
thanks,0.013
happy,0.021
keeping,0.006
gon,0.032
jason,0.002
apartment,0.002
going,0.063
better,0.016
less,0.003
rumour,0.002
i.ll,0.014
china,0.001
asia,0.001
expensive,0.003
buy,0.027
holla,0.003
find,0.02
common,0.004
decimal,0.011
car,0.022
chennai,0.008
btw,0.004
gas,0.006
pick,0.021
sense,0.003
competition,0.002
carlos,0.013
smoke,0.006
go,0.085
makes,0.005
batch,0.002
badrith,0.001
surely,0.003
get,0.112
second,0.006
guys,0.017
difficult,0.005
ah,0.013
last,0.019
dubsack,0.002
lot.will,0.001
plan,0.015
spin,0.001
moving,0.001
roommate,0.003
extra,0.004
ball,0.001
may,0.013
sure,0.033
bat,0.003
friend,0.013
wants,0.007
also,0.023
know,0.099
tell,0.039
another,0.015
bringing,0.002
seat,0.001
decide,0.004
dad,0.01
reserved,0.001
already,0.036
eat,0.012
coz,0.007
nobody,0.005
chinese,0.003
text,0.022
welcome,0.001
way,0.041
're,0.041
sat,0.008
6ish,0.001
mine,0.012
bbq,0.001
n't,0.117
picking,0.006
story,0.004
names,0.001
girls,0.004
various,0.002
add,0.006
penis,0.001
name,0.011
points,0.002
noon,0.003
chikku..il,0.001
wait,0.022
aftr,0.003
send,0.036
6.30,0.002
coming,0.027
seems,0.003
look,0.01
ok,0.069
wiv,0.003
alot,0.001
woman,0.002
away,0.006
flat,0.004
came,0.009
50s,0.001
noice,0.001
sent,0.024
email,0.006
yesterday,0.012
check,0.018
yahoo,0.004
photos,0.003
cos,0.037
don't4get2text,0.001
bak,0.003
comes,0.008
number,0.022
nokia,0.001
lovly..,0.001
day,0.057
holiday,0.004
let,0.039
phone,0.024
tomorrow,0.026
waste,0.004
never,0.02
incident,0.001
goodmorning,0.004
hunt,0.001
wat,0.026
beautiful,0.011
today..,0.003
comes..,0.001
tht,0.008
wonderful,0.004
none,0.004
sunday,0.004
though,0.014
til,0.009
date,0.002
happening,0.005
vikky,0.003
truth,0.006
seen,0.005
home,0.076
mail,0.007
could,0.016
ni8,0.005
depression,0.001
heart,0.016
ones..,0.001
everyone,0.007
expression,0.001
understood,0.001
gud,0.023
hav,0.007
free,0.021
loved,0.005
6pm..,0.001
evening,0.004
wen,0.012
il,0.005
tel,0.005
face,0.008
also..,0.001
hai,0.001
death,0.002
nooooooo,0.001
jeetey,0.001
cable,0.001
outage,0.001
leaves,0.009
light,0.006
read,0.007
'',0.078
it..,0.007
someone,0.02
night,0.032
gravity..,0.004
carefully,0.004
``,0.082
k.,0.008
call,0.066
feels,0.005
heavy,0.006
nah,0.01
fair,0.001
usf,0.003
stress,0.002
please,0.031
noooooooo,0.001
need,0.052
lives,0.002
goes,0.007
life,0.024
quite,0.013
sound,0.006
gorgeous,0.003
ca,0.02
brighten,0.001
needs,0.005
da,0.049
smile,0.016
nope,0.015
effects,0.001
mys,0.001
kind,0.007
sis,0.008
lor,0.058
early,0.016
morn,0.003
kiss,0.004
b,0.019
sch,0.01
paper,0.004
fri,0.004
person,0.014
least5times,0.001
notice,0.002
take,0.038
wud,0.004
tonight,0.017
like,0.086
quitting,0.001
taunton,0.003
pump,0.001
petrol,0.001
mind,0.02
rain,0.004
live,0.006
daddy,0.002
11,0.001
waiting,0.007
den,0.008
10,0.003
frm,0.003
mrt,0.006
k..,0.001
sun,0.006
help,0.018
nb,0.001
beauty,0.001
pimples,0.001
jiu,0.004
liao,0.012
1030,0.001
sleep,0.016
orc,0.001
hop,0.002
parco,0.001
cine,0.004
bugis,0.004
vill,0.001
hip,0.002
yan,0.004
one,0.059
prabha,0.001
online,0.008
mns,0.001
is'love,0.001
prakasam,0.001
dont,0.052
'that,0.001
mis,0.001
ennal,0.001
now..,0.002
jan,0.003
post,0.003
huh,0.003
basic,0.002
whn,0.002
book,0.004
must,0.012
ofice,0.001
cn,0.003
fr,0.006
al,0.002
duffer,0.001
yoga,0.001
becoz,0.002
careful,0.001
develop,0.002
urfeeling,0.001
poor,0.002
lovejen,0.002
neva,0.007
lei,0.008
xxx,0.008
bettersn,0.001
sn,0.004
baby,0.012
spk,0.004
drivin,0.001
lots,0.004
probthat,0.001
overdose,0.001
needed,0.002
minutes,0.015
option,0.002
running,0.002
roller,0.001
5,0.014
managed,0.001
give,0.038
treat,0.005
oxygen,0.001
might,0.009
resort,0.001
tho,0.007
uwant,0.001
2hook,0.001
x,0.022
endof,0.001
alright,0.004
’,0.015
nap,0.001
m8,0.001
nevamind,0.001
iâ,0.005
justthought,0.001
doin,0.004
thats,0.015
nearly,0.002
offdam,0.001
wk,0.003
fine,0.023
sayhey,0.001
interesting,0.002
birthday,0.005
uni,0.004
cbe,0.003
wrking,0.001
ne,0.003
nxt,0.003
started,0.008
wot,0.013
mo,0.004
bedroom,0.001
instead,0.003
tv,0.011
jen,0.004
chillin,0.002
hunny,0.006
pub,0.003
goin,0.009
didnt,0.013
town,0.01
watching,0.009
2nite,0.002
alrite,0.001
jus,0.021
end,0.009
job,0.018
search,0.007
beerage,0.001
cant,0.017
aft,0.008
wif,0.01
looks,0.001
comingdown,0.001
later,0.033
dog,0.006
bathing,0.003
bathe,0.004
gn,0.001
best,0.017
line,0.003
me.,0.001
realize,0.001
till,0.006
forget,0.005
still,0.059
aww,0.001
forever,0.004
dead,0.004
whilltake,0.001
workand,0.001
jez,0.001
market,0.001
well,0.031
todo,0.001
iscoming,0.001
step,0.003
amp,0.027
friendship..,0.001
love..,0.004
k..give,0.001
msg,0.017
foward,0.001
fall,0.004
make,0.037
hard,0.003
ruin,0.002
boo,0.005
loveme,0.002
enjoyin,0.002
yourjob,0.001
llspeak,0.001
xxxx,0.003
seemed,0.002
week,0.028
gettin,0.004
forgot,0.008
soonlots,0.001
show,0.01
care,0.024
2u,0.001
ure,0.002
use,0.017
bb,0.007
doctor,0.004
k..i,0.001
contact,0.003
wife,0.003
wont,0.016
deleted,0.001
urgoin,0.001
imin,0.001
thecd,0.001
tome,0.001
talk,0.015
dontignore,0.001
reallyneed,0.001
2moro,0.003
say,0.036
mycalls,0.001
outl8r,0.001
2docd.please,0.001
dontplease,0.001
isv.important,0.001
town.dontmatter,0.001
greet,0.003
meanwhile,0.002
k..k,0.004
writhing,0.001
pain,0.008
feel,0.018
friday,0.006
stuffed,0.001
pig,0.002
least,0.007
made,0.013
bleh,0.001
onwards,0.002
thatâ,0.002
scool,0.001
psxtra,0.001
guy,0.009
since,0.011
satthen,0.001
quiteamuzing,0.001
4brekkie,0.001
travelled,0.001
ayo,0.001
forgotten,0.001
lrg,0.001
probpop,0.001
cu,0.001
portions,0.001
cha,0.002
shower,0.005
big,0.013
barrel,0.001
brotherâ€˜s,0.001
scraped,0.001
k..k..any,0.001
misfits,0.001
really,0.04
special,0.008
social,0.005
callin,0.003
details,0.004
ã¼,0.042
chat,0.005
talkbut,0.001
wannatell,0.001
wenwecan,0.001
cheers,0.008
properly,0.001
c,0.019
culdnt,0.001
babe.sozi,0.001
course,0.008
k..k..i,0.002
expecting,0.001
complete,0.005
isnâ€™t,0.001
iâ€™m,0.001
letters,0.001
bill,0.003
orange,0.002
werebored,0.001
keep,0.016
xxxxx,0.001
yeah,0.064
okden,0.001
j,0.006
likeyour,0.001
r,0.031
havin,0.001
gr8fun,0.001
soundâ,0.001
uin,0.001
updat,0.001
tex,0.001
mecause,0.001
countinlots,0.001
juz,0.011
lar,0.012
ta,0.009
nearer,0.001
bishan,0.003
park,0.005
sall,0.001
mo..yep,0.001
replied,0.005
late,0.019
bout,0.007
pete,0.005
hows,0.003
xx,0.003
monday,0.003
shexy,0.001
er,0.001
hehe,0.001
indians,0.003
black,0.003
shirt,0.002
n,0.035
blue,0.005
thk,0.015
congratulation,0.001
jeans,0.001
..,0.015
k..k.,0.001
thew/end,0.001
daily,0.002
normally,0.002
downon,0.001
theacusations..,0.001
iwana,0.001
wotu,0.001
calm,0.001
sat.love,0.001
up4,0.002
ages..ring,0.001
itxt,0.001
nething,0.001
drink,0.006
haventcn,0.001
water,0.005
ey,0.002
lol,0.06
blank,0.001
training,0.004
process,0.002
walsall,0.001
pay,0.008
th,0.002
march,0.007
ill,0.021
.terry,0.001
tue,0.001
mate,0.006
drop,0.01
getting,0.026
6,0.006
tank,0.002
tickets,0.004
txt,0.007
clue,0.001
mr,0.004
surname,0.001
bloody,0.001
believe,0.011
spanish,0.001
begins,0.001
cost,0.003
hell,0.003
beth,0.001
aunts,0.001
lot,0.007
happened,0.007
ago,0.007
charlie,0.001
gim,0.002
quiet,0.002
working,0.013
helen,0.001
splendid,0.001
year,0.016
performed,0.001
time,0.072
bognor,0.001
days,0.009
anything,0.03
honi,0.001
able,0.01
ago.cusoon,0.001
afew,0.001
onlyfound,0.001
gran,0.001
lik,0.002
making,0.007
moms,0.004
time..,0.002
wenever,0.001
k..then,0.001
yummmm,0.001
tortilla,0.001
soup,0.001
valentines,0.002
1st,0.008
maths,0.001
finish,0.014
thought,0.018
hundreds,0.001
uncles,0.004
wish,0.016
chapter,0.001
aunties,0.001
beauties,0.001
handsomes,0.001
month,0.008
k..u,0.001
supposed,0.006
msg..,0.001
reply,0.006
break,0.006
wrk,0.002
dabooks,0.001
directly,0.002
wrk.i,0.001
behind,0.001
u.call,0.001
meetin,0.003
fancy,0.002
tonite,0.003
abt,0.012
hello,0.002
rows,0.001
nite+2,0.001
little,0.013
things,0.02
urgent,0.001
drivby-:0quit,0.001
fun,0.008
ihave,0.001
hello-/,0.001
ros,0.001
iff,0.001
especially,0.004
xxxxxxx,0.001
pthis,0.001
drum,0.001
offense,0.001
edrunk,0.001
2nhite,0.001
senrd-dnot,0.001
dancce,0.001
possession,0.001
basq,0.001
lesson,0.003
px3748,0.001
specs,0.001
sth,0.001
membership,0.001
reception,0.001
girl,0.01
2mwen,0.001
im,0.025
9,0.007
library,0.005
wrld,0.001
cool,0.01
fonin,0.001
hon,0.002
spun-out,0.001
sleeping,0.004
far,0.006
frmcloud,0.001
bk,0.001
campus,0.003
sofa,0.002
nytho,0.001
tx,0.001
ticket,0.002
pongal,0.005
k.i,0.003
did't,0.003
booked,0.004
peril,0.001
hunting,0.001
anywhere,0.001
iknow,0.001
crisis,0.001
wellda,0.001
das,0.001
studentfinancial,0.001
l8r,0.006
damn,0.003
min,0.012
always,0.027
boooo,0.001
quit,0.002
werethe,0.001
monkeyaround,0.001
fights,0.002
foundurself,0.001
howu,0.001
jobyet,0.001
howdy,0.001
nite,0.01
monkeespeople,0.001
sausage,0.001
shoot,0.001
k.k..how,0.001
loads,0.005
kids,0.002
ready,0.02
sister,0.003
bedreal,0.001
textin,0.001
feelin,0.001
lotsof,0.001
ithink,0.001
layin,0.001
feeling,0.004
tonsolitusaswell,0.001
amnow,0.001
iam,0.004
hopeso,0.001
business,0.002
ass,0.007
boy,0.011
yo,0.026
quick,0.002
k.k.how,0.001
2watershd,0.001
yet,0.023
bthere,0.001
kate,0.004
wedlunch,0.001
company,0.003
only.don,0.001
planned,0.001
fromwrk,0.001
buz,0.001
happen,0.011
town..cud,0.001
adrink,0.001
join,0.003
ppl,0.002
outsomewhere,0.001
petexxx,0.001
bit,0.017
kodthini,0.001
k.k.this,0.001
necklace,0.002
mutai,0.001
kano,0.001
kodstini,0.001
madstini,0.001
gold,0.001
chain,0.002
hogolo,0.001
agalla,0.001
eerulli,0.001
kotees,0.001
hogli,0.001
grl,0.001
1,0.023
l8tr,0.001
uwana,0.001
mite,0.004
dude,0.017
afraid,0.001
ya,0.027
mt,0.002
friends,0.011
didntgive,0.001
jenxxx,0.001
bedbut,0.001
thepub,0.001
bellearlier,0.001
advance,0.001
k.k,0.004
doll..,0.001
barolla..,0.001
-d,0.002
vehicle,0.001
madoke,0.001
brainless,0.001
sariyag,0.001
drive,0.007
v.pist,0.001
meet,0.018
lil,0.002
stomach,0.001
beverage,0.001
ring,0.006
â–,0.002
tired,0.008
movie,0.011
=d,0.002
k.good,0.001
apo,0.002
wendy,0.001
4thnov.behind,0.001
feellikw,0.001
gotmarried,0.001
hold,0.007
selfish,0.001
via,0.005
aletter,0.001
ourbacks,0.001
fuckinnice,0.001
trying,0.018
shit.justfound,0.001
l,0.003
uawake,0.001
deviousbitch.anyway,0.001
thatmum,0.001
hi,0.01
uncle,0.003
dress,0.002
amount,0.002
feb,0.001
..i,0.001
spend,0.006
.so,0.001
taking,0.01
money.i,0.001
tirunelvali,0.001
youwanna,0.001
people,0.022
athome,0.001
darlin,0.003
youphone,0.001
cd,0.001
canal,0.001
outfor,0.001
katexxx,0.001
st,0.002
tap,0.001
spile,0.001
aretaking,0.001
||,0.003
anythingtomorrow,0.001
seven,0.001
myparents,0.001
cantdo,0.001
meal,0.002
broad,0.001
try,0.017
else,0.01
random,0.003
k.then,0.001
anyone,0.01
commit,0.001
4th,0.005
regarding,0.002
sing,0.003
card,0.005
gave,0.004
lovely,0.007
worry,0.009
near,0.005
congrats,0.002
oso,0.006
adress,0.001
theplace,0.001
mumhas,0.001
missed,0.007
red,0.003
catching,0.002
wine,0.002
new,0.025
beendropping,0.001
ashes,0.001
world,0.015
mess,0.001
bull,0.001
eng,0.001
rocking,0.001
ikea,0.001
floating,0.001
without,0.012
nw,0.003
room,0.019
reaching,0.003
bus..,0.001
chikku..going,0.001
stops,0.002
looking,0.009
acc,0.003
busy,0.007
kvb,0.001
finally,0.007
meeting,0.018
forward,0.004
10:30,0.001
wan,0.025
stopped,0.002
irritating,0.001
msging,0.003
u..,0.003
dosomething,0.001
arestaurant,0.001
eating,0.002
chikku..k,0.001
squid,0.001
college,0.003
k..its,0.001
pa.,0.004
self,0.004
pa,0.006
gloucesterroad,0.001
chikku..wat,0.001
uup,0.001
dint,0.004
slept,0.003
afternoon,0.002
k.are,0.001
luck,0.001
hogidhe..chinnu,0.001
u.,0.01
fortune,0.001
swalpa,0.001
weak,0.003
sapna,0.001
miracle,0.002
manege,0.001
except,0.002
agidhane..,0.001
aunty,0.002
had..ya,0.001
y'day,0.001
loves,0.004
full,0.006
nyt,0.002
enuff,0.002
haf,0.009
mb,0.002
study,0.005
g,0.005
problems,0.003
sd..,0.001
barcelona,0.001
ru,0.003
house,0.014
easiest,0.001
battle,0.001
b'coz,0.001
fight,0.002
-vivekanand-,0.001
touch,0.006
win,0.004
9t..,0.001
'd,0.009
enough,0.011
arrange,0.003
transfer,0.002
detail,0.001
realized,0.002
absence,0.001
real,0.007
miss,0.015
software,0.002
value,0.002
mrng,0.006
not..tel,0.001
name..,0.001
nothing,0.021
enjoy,0.007
tuition,0.002
e,0.02
remembered,0.001
beta,0.001
kaiez,0.001
sounds,0.003
gee,0.002
+cheer,0.001
nothin,0.002
ãœ,0.007
hanger,0.001
laptop,0.006
4get,0.001
up+not,0.001
lets,0.005
fit,0.002
it+both,0.001
muchxxlove,0.001
locaxx,0.001
soo,0.001
kallis,0.004
2nd,0.006
she.s,0.002
drinkin,0.001
innings,0.002
ikno,0.001
yest,0.003
ask,0.024
tot,0.014
doesdiscount,0.001
ba,0.002
shitinnit,0.001
faber,0.001
would,0.021
went,0.022
mah,0.006
nowhere,0.001
gua,0.001
smth,0.004
mon,0.001
enufcredeit,0.001
dis,0.012
yor,0.002
+get,0.001
msgs,0.006
no's..,0.001
bus,0.01
wit,0.006
different,0.006
tocall.shall,0.001
ileave,0.001
diet,0.002
slices,0.001
ugh,0.002
many,0.012
center,0.001
pizza,0.003
ate,0.004
right,0.035
7ish,0.002
rec,0.001
jackson,0.001
25,0.001
boatin,0.001
gossip,0.001
juswoke,0.001
fuck,0.004
wid,0.006
giv,0.001
bed,0.012
old,0.006
dun,0.019
spinout,0.001
oh,0.067
docks,0.001
kay,0.001
small,0.003
broke,0.002
even,0.02
super,0.001
bowl,0.002
gotany,0.001
meive,0.001
credit,0.002
hardly,0.001
guess,0.016
payasam,0.001
surprised,0.003
rinu,0.001
brings,0.002
thekingshead,0.001
petey,0.001
everybody,0.002
canlove,0.001
nic,0.001
speed,0.002
friendsare,0.001
whereare,0.001
family,0.012
safe,0.004
responding,0.001
called,0.013
diwali,0.002
envy,0.001
died,0.002
weapon,0.001
'heart,0.001
whr,0.001
place,0.02
occupy,0.001
cares,0.002
response,0.001
dreams..take,0.001
others,0.005
spl..wat,0.001
night..swt,0.001
powerful,0.001
play,0.006
pls,0.019
vale,0.001
ar,0.003
kent,0.001
illspeak,0.001
babe..,0.001
ever,0.011
shit,0.011
neway,0.001
thasa,0.001
asleep,0.005
easy,0.007
shudvetold,0.001
messed,0.001
u2moro,0.001
reason,0.004
up.yeh,0.001
urgran,0.001
risk,0.001
attack,0.001
shd,0.005
run,0.008
half,0.013
distance,0.002
driving,0.007
asthma,0.001
train,0.005
funny,0.003
hr,0.002
shorter,0.001
abel,0.001
hav2hear,0.001
plaid,0.001
boughtâ,0.001
braindanceâ,0.001
hilarious-also,0.001
no..,0.001
album-quite,0.001
”,0.002
listened2the,0.001
unknown,0.002
aphexâ,0.001
gd,0.003
si.como,0.001
air1,0.001
comp.ofstuff,0.001
fixed,0.003
tomo,0.01
garage,0.003
ebay,0.001
morning,0.023
elsewhere,0.002
centre,0.004
exhaust,0.001
ordered,0.001
took,0.005
replacing,0.001
part,0.009
along,0.002
silence,0.002
xy,0.004
sort,0.004
smsing,0.001
speak,0.009
words,0.006
rite,0.005
gets,0.005
topic,0.001
aah,0.001
kinda,0.001
havent,0.008
twelve,0.001
symptoms,0.001
wo,0.009
angry,0.006
1.u,0.001
beloved,0.001
3.u,0.001
2.u,0.001
songs,0.003
listening,0.001
kindly,0.001
suffers,0.001
trust,0.005
meant,0.008
bank,0.005
rate,0.001
enters,0.001
differ.be,0.001
removed,0.001
account,0.007
dollars,0.002
charges,0.001
money,0.02
differ,0.001
sending,0.006
banks,0.002
violence,0.002
9ja,0.002
transfered,0.002
bad,0.017
remove,0.004
marandratha,0.001
print,0.001
kothi,0.001
thinkin,0.003
together,0.011
thinking,0.011
brother,0.004
ladies,0.002
genus,0.001
definitely,0.003
gdeve..,0.001
keep-in-touch,0.001
outta,0.002
egg,0.001
lara,0.001
loan,0.002
da..please,0.001
meh,0.004
youdoing,0.001
watch,0.012
sar,0.001
smile*,0.002
long,0.008
again*loving,0.001
buzz,0.003
mcat,0.001
needa,0.001
moment,0.005
havbeen,0.001
lunch,0.011
given,0.001
preschoolco-ordinator,0.001
payed2day,0.001
yeh,0.002
aâ£50,0.001
havebeen,0.001
feelingood,0.001
def,0.003
2i,0.001
4my,0.001
rise,0.001
buzzzz,0.001
prepare,0.001
*grins*,0.005
chest,0.001
vibrator,0.001
start,0.007
shake,0.001
de,0.007
cock,0.002
syllabus,0.001
tomorro,0.002
reached,0.006
ending,0.001
num,0.001
capital,0.001
problem,0.007
carry,0.002
98321561,0.001
familiar,0.001
loxahatchee,0.002
burning,0.002
tree,0.002
update,0.003
great,0.023
stars,0.001
xmas,0.003
totally,0.002
ignorant,0.001
gist,0.002
rememberi,0.001
ugadi,0.001
ganesh,0.002
childrens,0.001
festival,0.001
press,0.005
independence,0.001
shivratri,0.001
conference,0.001
sankranti,0.001
dasara,0.001
christmas,0.002
father,0.008
afternoons,0.001
nights,0.002
raj,0.001
friendship,0.008
approaching,0.001
fast,0.009
mother,0.001
evenings,0.002
teachers,0.001
wishing,0.006
fools,0.001
mornings,0.001
republic,0.001
qatar,0.001
put,0.015
pull,0.002
leaving,0.008
've,0.037
dear.rakhesh,0.001
outside,0.01
fast.pls,0.001
front,0.001
prayers,0.001
opportunity.all,0.001
skip,0.002
ave,0.002
project,0.007
jetton,0.001
w,0.006
hill,0.003
shrub,0.001
foregate,0.001
dessert,0.001
street,0.003
worc,0.001
suntec,0.002
frnds,0.005
pray,0.001
dat,0.012
link,0.003
undrstndng,0.001
lovers,0.002
ideas,0.003
pple,0.001
marry,0.001
becz,0.001
suffer,0.001
news,0.005
avoids,0.001
swing,0.006
semester,0.005
basically,0.003
lem,0.005
'rencontre,0.001
mountains,0.001
thesis,0.001
decision,0.001
interested,0.001
minute,0.004
manky,0.001
travelling,0.001
recreation,0.001
wtf,0.002
inmind,0.001
steve,0.001
ish,0.003
scouse,0.001
eve,0.002
home.wot,0.001
chill,0.003
age,0.004
appendix,0.001
range,0.002
available.they,0.001
cab,0.001
changes,0.002
impossible,0.001
6hrs,0.002
steps,0.001
door,0.003
however,0.002
beer,0.003
mu,0.006
whats,0.006
excuses,0.001
fool,0.001
settled,0.002
ok.,0.01
soon..,0.001
dinner,0.013
shall,0.004
beers,0.001
salad,0.001
desert,0.002
bambling,0.001
amplikater,0.001
entropication,0.001
opted,0.001
gotten,0.002
opportunity,0.001
fidalfication,0.001
masteriastering,0.001
notixiquating,0.001
nowadays,0.002
oblisingately,0.001
promises,0.001
laxinorficated,0.001
books,0.003
nt,0.008
told,0.024
joking,0.002
seriously,0.003
grow,0.001
snow,0.009
friendships,0.001
weather,0.004
vinobanagar,0.001
bbd..thts,0.001
cold..heard,0.001
dvg,0.001
hw,0.002
chikku,0.004
condition..and,0.001
hear,0.007
reasons,0.001
compass,0.001
map,0.001
way2sms.com,0.001
guide,0.002
loose,0.001
plz,0.006
soul,0.001
chance,0.005
.gnun,0.001
chikku..simple,0.001
nort,0.001
habba..hw,0.001
acting,0.001
texts,0.002
is/are,0.001
you/carlos,0.001
bunch,0.001
pool,0.001
lotto,0.001
vibrate,0.001
deal,0.004
ctagg,0.001
cttargg,0.001
cutter,0.001
ie,0.001
ctter,0.001
cttergg,0.001
ctargg,0.001
nutter,0.001
princess,0.013
senthil,0.001
hsbc,0.001
nvm,0.003
oru,0.001
eppolum,0.001
deep,0.005
cal,0.002
pole,0.001
alle,0.001
bhaskar,0.001
allalo,0.001
mone,0.001
unable,0.001
nice,0.014
impressively,0.001
boring,0.001
sensible,0.001
waheed,0.001
available,0.007
strict,0.001
lessons,0.002
appointment,0.002
fathima,0.001
connect,0.001
bcoz,0.006
exam,0.003
conducts,0.001
teaches,0.001
teacher,0.002
dudette,0.001
shoes,0.002
missing,0.004
wear,0.003
leh,0.007
sport,0.001
anyway,0.015
itself..,0.001
spent,0.001
means,0.006
5digital,0.001
dooms,0.001
lifetime,0.001
weeks,0.002
camera,0.002
pixels,0.001
meaningless,0.001
moments,0.001
10.1mega,0.001
3optical,0.001
couple,0.006
journey,0.001
carryin,0.001
bac,0.001
chuckin,0.001
green,0.001
save,0.002
trainners,0.001
smash,0.001
played,0.002
religiously,0.001
bros,0.001
style,0.005
garments,0.001
september,0.001
doors,0.001
ic,0.003
sometime,0.002
question,0.007
haha,0.007
messy,0.001
shelves,0.001
takin,0.001
cartons,0.001
shore,0.001
pleased,0.001
two,0.007
personal,0.002
sized,0.001
turns,0.003
album,0.001
weekend,0.006
stereo,0.001
mi,0.001
throw,0.003
wherever,0.002
swoop,0.001
smoking,0.003
awesome,0.004
birds,0.001
sigh*,0.001
*deep,0.001
net,0.002
cafe,0.004
fps,0.001
gone,0.005
opinion,0.005
fever,0.001
alone,0.007
5.30,0.001
12,0.001
motor,0.001
denis,0.001
yeovil,0.001
max,0.001
mina,0.001
lor..,0.004
'simple,0.002
difficult..,0.002
5..,0.001
loving,0.005
simple..,0.002
laughing,0.003
nte,0.001
tooo,0.002
living,0.002
depends,0.002
winning,0.002
o.,0.002
screwd,0.001
clash,0.001
weight,0.003
lost,0.002
thgt,0.001
essential,0.003
go..a,0.001
mutations,0.001
snowboarding,0.001
befor,0.001
uv,0.001
causes,0.001
wondering,0.006
thesedays,0.001
affair,0.001
trip,0.005
planning,0.005
sunscreen,0.001
foreign,0.003
lecture,0.002
lmao,0.006
country,0.003
stamps,0.003
ow,0.001
dey.i,0.001
"60,400thousad.i",0.001
dao,0.001
paid,0.001
pm,0.004
needing,0.001
anymore,0.002
hair,0.007
simply,0.001
*loving,0.002
prey,0.001
tease,0.001
posted,0.002
kiss*,0.003
jolly,0.002
*devouring,0.001
rest,0.004
memory,0.001
liao..,0.001
faster,0.002
fish,0.003
god,0.011
woken,0.001
10:10,0.001
upload,0.001
.photoshop,0.001
shut,0.003
ofcourse,0.001
computer,0.001
pic,0.003
eh,0.004
syria,0.001
longer,0.005
hour,0.015
canada,0.001
lib,0.001
stuff,0.024
charge,0.002
allowed,0.001
.please,0.001
mobile,0.003
players,0.003
report,0.003
copy,0.002
reach,0.014
urgnt,0.001
clock,0.002
plans,0.005
shows,0.002
vasai,0.001
coveragd,0.001
area,0.003
years,0.005
fridge,0.001
noise,0.001
sad,0.004
puppy,0.001
food,0.009
store,0.001
avo,0.001
saw,0.009
dollar,0.001
mag,0.001
point,0.007
knew,0.007
facebook,0.004
pictures,0.003
romantic,0.001
*smiles*,0.001
drinking,0.003
transaction,0.005
appreciate,0.002
dang,0.001
mean,0.009
sec,0.002
somebody,0.003
tom,0.001
mentionned,0.001
midnight,0.003
fri.,0.001
invite,0.001
sliding,0.001
starring,0.001
luckily,0.001
role,0.003
open,0.009
sake,0.001
tallahassee,0.001
laugh,0.004
hoping,0.003
blackberry,0.002
used,0.004
plus,0.009
bold,0.002
price,0.003
macho,0.001
interfued,0.001
gei,0.001
tron,0.001
3d,0.002
maybe,0.01
lennon,0.001
john,0.006
dl,0.001
happend,0.004
playing,0.002
message,0.011
relatives,0.002
cancer,0.004
benefits,0.001
deliver,0.002
costs,0.001
risks,0.001
â€¦,0.005
cliffs,0.001
google,0.003
nearby,0.001
saibaba,0.001
colany,0.001
hungry,0.007
god..taken,0.001
donâ€˜t,0.003
weâ€˜ll,0.001
teeth,0.001
finished,0.009
paining,0.001
ans,0.005
grr,0.001
pharmacy,0.001
bslvyl,0.007
mom,0.008
prescription,0.001
fullonsms.com,0.002
disturb,0.003
wed.,0.001
rugby,0.001
stayin,0.002
flow,0.001
ovarian,0.001
months,0.002
member,0.002
cysts,0.001
visit,0.002
developed,0.001
bc,0.001
cause,0.013
shrink,0.001
aunt,0.001
type,0.006
involved,0.001
massive,0.001
possible,0.002
rather,0.002
inpersonation,0.001
flea,0.001
forums,0.001
schools,0.001
inch,0.001
me..,0.004
closed,0.002
apparently,0.001
dramatic,0.001
interesting..,0.003
hand..,0.003
cover,0.004
gently,0.003
mode,0.006
write,0.005
hand,0.009
screen,0.003
dictionary,0.003
case,0.006
sagamu,0.001
academic,0.001
nigeria,0.003
medicine,0.001
blog,0.001
unless,0.006
situation,0.004
department,0.001
collecting,0.001
lautech,0.001
secretary,0.001
cashed,0.001
completes,0.001
citizen,0.003
vital,0.001
medical,0.002
rates,0.001
current,0.002
zealand,0.001
announced,0.001
shola,0.001
education,0.001
samachara,0.001
en,0.001
mathe,0.001
howda,0.001
gud..,0.001
whatever,0.007
cramps,0.001
despite,0.001
jane,0.002
mary,0.001
crazy,0.005
whole,0.006
terrible,0.001
dunno,0.014
2.,0.006
3.,0.005
7.romantic,0.001
1.,0.005
tension,0.001
8.lovable,0.001
innocent,0.002
.joker,0.001
4.,0.006
brand,0.001
6.cruel,0.001
9.decent,0.001
5.terror,0.001
smiling,0.003
1.20,0.001
address,0.005
isnt,0.001
stayed,0.001
cheyyamo,0.001
ouch,0.001
cancel,0.002
crash,0.001
wanted,0.009
nitros,0.002
cash,0.007
hurry,0.002
fat,0.003
ths,0.003
care..,0.001
1lemon/day=no,0.001
1tulsi,0.001
bone,0.001
milk/day=no,0.001
watr/day=no,0.001
litres,0.001
snd,0.001
leaf/day=no,0.001
problms,0.001
1apple/day=no,0.001
1cup,0.001
diseases,0.001
rock,0.002
mel,0.001
community,0.001
roles,0.001
major,0.002
outreach,0.001
hitter.anyway,0.001
top,0.003
spare,0.002
head,0.003
balloon,0.001
air,0.003
sweets,0.002
pissed,0.004
dieting,0.001
hot,0.003
nauseous,0.001
sprint,0.001
captain,0.002
prolly,0.003
slow,0.005
warned,0.001
bâ,0.001
celebrate,0.003
drunken,0.001
forgiven,0.001
vijaykanth,0.001
tv..he,0.001
comedy,0.001
infra,0.001
unsold,0.001
noe,0.004
nz,0.001
wi,0.001
snatch,0.001
purse,0.001
k.k..where,0.001
26th,0.001
july,0.001
test,0.006
usual,0.004
lose,0.001
starve,0.001
sweet,0.007
pound,0.001
patty,0.001
haul,0.001
done/want,0.001
placement,0.001
wed,0.003
2marrow,0.002
aha,0.003
dryer,0.001
comb,0.001
pose,0.001
actually,0.009
machan,0.001
okay,0.017
nanny,0.001
sheffield,0.001
goodnight,0.002
game,0.007
2mro,0.001
gym,0.004
boss,0.002
raise,0.001
set,0.003
payback,0.001
selected,0.001
photo,0.001
every,0.013
bash,0.001
oclock,0.001
muz,0.003
delete,0.001
click,0.002
wasted,0.001
tacos,0.002
burrito,0.001
rajas,0.001
chiong,0.001
woke,0.005
disturbing,0.002
mad,0.002
staying,0.006
yep,0.008
jontin,0.001
ex,0.002
port,0.001
freaky,0.001
sick,0.004
645,0.001
prob..,0.001
city,0.002
shop,0.005
showrooms,0.001
shaping,0.001
sale,0.003
7,0.008
lift,0.002
giving,0.004
esplanade..,0.001
lect,0.002
buddy,0.001
dreamz,0.001
ceri,0.001
rebel,0.001
vegas,0.001
happens,0.004
stays,0.002
blokes,0.001
ok..,0.004
escalator,0.001
personality,0.004
dear,0.014
6th,0.004
5th,0.004
3rd,0.005
sms,0.007
wonders,0.004
7th,0.004
nature,0.005
sound..,0.001
windows,0.002
logoff,0.001
perform,0.001
status,0.001
audrey,0.001
talent,0.003
mailed,0.001
mail.i,0.001
varma,0.001
icon,0.001
sitting,0.001
allah,0.001
care.insha,0.001
kept,0.001
membership.take,0.001
fireplace,0.001
nasty,0.001
shot,0.002
dry,0.001
cough,0.001
speling,0.001
yes,0.055
corect,0.001
sarcasm,0.001
i.e,0.001
spice,0.001
week+,0.001
ammo,0.001
8,0.003
latest,0.001
ak,0.001
scrounge,0.002
2geva,0.001
nuerologist,0.001
hanging,0.002
thread,0.001
goodfriend,0.002
dream,0.003
boys,0.002
tear,0.003
mark,0.003
sorrow,0.002
changing,0.001
diapers,0.001
hppnss,0.002
owed,0.001
omg,0.007
forevr,0.002
zogtorius,0.001
deciding,0.001
whether,0.002
staring,0.001
steak,0.001
eggs,0.001
bloo,0.001
bought,0.001
lot..i,0.001
convincing,0.001
goodnite,0.001
lou,0.001
hit,0.005
evrydy,0.002
lttrs,0.002
gv,0.002
2gthr,0.002
moral,0.003
gal,0.002
wn,0.003
towards,0.003
lv,0.002
energy,0.003
forwarded,0.001
'hw,0.002
hv,0.005
dt,0.002
aproach,0.002
decided,0.005
shouted,0.003
asked,0.008
secret,0.004
thy,0.002
propsd,0.002
bt,0.005
truck,0.002
speeding,0.002
saved,0.002
lived,0.002
thm,0.003
threw,0.002
instantly,0.002
happily,0.002
ran,0.002
boost,0.003
feb-april,0.001
chile,0.001
subletting,0.001
season,0.001
reality,0.001
website,0.002
audition,0.001
somethin,0.003
either,0.004
cheap,0.003
beehoon,0.001
cheat,0.001
fatty,0.001
nydc,0.001
everyday,0.001
yam,0.001
claypot,0.001
chinatown,0.001
cake,0.002
fishhead,0.001
porridge,0.001
tok,0.001
rice,0.002
timing,0.003
power,0.004
fifteen,0.002
warning,0.001
frndship,0.002
unintentionally,0.001
fingers,0.002
trains,0.001
belovd,0.001
oops,0.01
dict,0.001
ms,0.001
chk,0.001
firmware,0.001
gay,0.001
occasion,0.001
ideal,0.001
wats,0.004
reflection,0.001
traditions,0.001
celebrated,0.001
values,0.001
affections,0.001
desires,0.001
drunkard,0.001
cute,0.002
share,0.004
necessary,0.001
close,0.004
watever,0.001
shared,0.001
true,0.006
frnd,0.003
coffee,0.003
unconditionally,0.001
jazz,0.001
zoom,0.001
confidence,0.002
'anything,0.001
kb,0.001
listen,0.004
ability,0.001
famous,0.001
quote,0.001
losing,0.001
'married,0.001
temper,0.001
aint,0.002
complaining,0.001
quality,0.002
cold,0.003
iouri,0.001
yah,0.001
kaila,0.001
mall,0.002
..water.,0.001
..now,0.001
lolnice,0.001
cleaning,0.001
clearly,0.002
fault,0.004
runs,0.002
eighth,0.001
smarter,0.001
gram,0.001
usually,0.003
vikky..i,0.001
otside,0.001
husband,0.001
starts,0.002
yr,0.002
final,0.001
supplies,0.001
modules,0.001
concentrating,0.001
tiring,0.001
330.,0.001
hm,0.001
1120,0.001
times,0.008
ahead,0.001
1205,0.001
shade,0.001
thia,0.001
rule,0.002
responsibility,0.002
previews,0.001
argument,0.004
atlanta,0.003
inlude,0.001
doesnt,0.002
earlier,0.004
bend,0.001
rules,0.001
showing,0.004
pressies,0.001
ny,0.001
vday,0.001
coins,0.002
double,0.003
parachute,0.001
anythiing,0.001
hide,0.001
fml,0.002
electricity,0.001
mallika,0.001
url,0.002
solved,0.002
sweetie,0.001
opened,0.001
mystery,0.001
sherawat,0.001
stink,0.001
iphone,0.001
ok.ok,0.003
ok..then..whats,0.003
todays,0.003
plenty,0.004
result,0.001
dub,0.001
je,0.001
buff,0.003
popping,0.001
ibuprofens,0.001
lab,0.003
goggles,0.001
wrks,0.001
several,0.001
sir,0.004
drinks,0.001
gaps,0.003
useful,0.001
fills,0.003
gap,0.003
holding,0.004
straight,0.001
fingers..,0.003
created,0.003
bud,0.003
wonder,0.008
crammed,0.001
build,0.001
snowman,0.002
snowball,0.001
angels,0.001
dd,0.001
perpetual,0.001
*laughs*,0.001
tm'ing,0.001
whenever,0.006
tm,0.001
wednesday,0.004
bag,0.002
cheetos,0.001
italian,0.002
mini,0.002
ear,0.001
oblivious,0.001
--,0.003
constantly,0.001
upset,0.001
walk,0.005
julianaland,0.001
shaking,0.001
floor,0.002
soladha,0.001
nan,0.001
booty,0.002
dance,0.002
sonathaya,0.001
expert,0.001
newport,0.001
nationwide,0.001
liked,0.002
road,0.003
uncomfortable,0.001
auto,0.001
wah,0.001
importantly,0.001
terms,0.001
conditions,0.001
discuss,0.001
naughty,0.001
'its,0.001
flirt,0.001
hurt,0.005
grinder,0.001
cards,0.001
box,0.002
hook,0.002
kalainar,0.001
office.thenampet,0.001
ams,0.001
expect,0.003
legal,0.003
torch,0.002
annoying,0.001
clarification,0.001
credited,0.003
rs,0.007
neft,0.002
beneficiary,0.002
reference,0.002
alcohol,0.003
weed,0.006
chocolate,0.001
thanx,0.004
meds,0.002
doc,0.002
morphine,0.001
prescribed,0.001
med,0.001
kick,0.005
employer,0.001
evaporated,0.001
paperwork,0.001
violated,0.002
stealing,0.001
supervisor,0.001
privacy,0.001
neither,0.001
appeal,0.001
sterm,0.001
hols,0.001
8.30,0.002
mac,0.002
fab,0.001
cinema,0.002
resolved,0.001
voice,0.005
studying,0.004
thriller,0.001
director,0.001
shining,0.001
urination,0.001
signing,0.001
neshanth..tel,0.001
including,0.001
operate,0.001
networking,0.002
valuable,0.001
situations,0.001
first-,0.001
loosing,0.001
second-,0.001
respond,0.002
support,0.005
fucking,0.006
technical,0.003
associate,0.001
okey,0.003
doke,0.001
dressed,0.002
laying,0.001
timi,0.001
clearing,0.002
cars,0.003
swashbuckling,0.001
dokey,0.002
experience,0.003
blessings,0.002
gods,0.002
thus,0.001
blame,0.002
happiness,0.002
class,0.023
sorting,0.001
iâ€˜ll,0.003
payoh,0.002
toa,0.002
masters,0.001
bf,0.001
scared,0.002
okie,0.01
stupid,0.003
eyes,0.001
falls,0.001
lazy,0.003
frens,0.003
okie..,0.001
thanx..,0.001
recently,0.001
parents,0.002
film,0.001
computer..,0.001
wins,0.003
loses,0.003
know..he,0.001
correct.,0.003
argue,0.003
theory,0.003
just..,0.003
know..wait,0.001
anytime,0.002
tirunelvai,0.001
infront,0.002
heart-,0.001
9t,0.001
wise,0.001
broken,0.001
cum,0.002
creep,0.001
excuse,0.003
sarasota,0.002
talking,0.004
pix,0.002
secure,0.001
south,0.001
texting,0.001
certainly,0.003
monkeys,0.002
flying,0.001
connection,0.003
nice.nice.how,0.002
canâ€˜t,0.001
armand,0.004
and/or,0.001
otherwise,0.004
vomiting,0.002
ten,0.004
carlin,0.001
flatter,0.001
pints,0.001
blah,0.001
ard,0.011
okies,0.001
apart,0.001
warm,0.003
beside,0.001
worries,0.004
sunny,0.005
bay,0.004
rays,0.004
ended,0.004
bids,0.001
reliant,0.001
direct,0.001
ola,0.001
takes,0.002
partnership,0.001
dnt,0.005
mokka,0.001
shipping,0.001
invest,0.001
cut,0.005
private,0.001
property,0.001
*passionate,0.001
owns,0.002
apps,0.002
orchard,0.003
univ,0.001
elaya,0.001
varaya,0.001
strips,0.001
ovulation,0.001
postal,0.001
fret,0.001
address.u,0.001
alright.okay,0.001
printed,0.001
twice,0.003
forum,0.002
prob,0.005
hopefully,0.002
olol,0.001
replacement,0.001
gpu,0.001
appt,0.004
exact,0.001
ignore,0.002
caveboy,0.001
lip,0.002
annoyin,0.001
woohoo,0.001
scream,0.003
515,0.001
weighed,0.001
rose,0.002
hesitate,0.001
hugs,0.001
weakness,0.001
emily,0.001
notebook,0.001
changed,0.003
snogs,0.001
exorcism,0.001
station,0.003
cat,0.003
worms,0.001
530,0.003
obviously,0.003
coco,0.001
knows,0.002
nimbomsons,0.001
word,0.005
wocay,0.001
thnk,0.003
usb,0.002
pocay,0.001
ps3,0.001
srt,0.001
2morrowxxxx,0.001
supports,0.001
promise,0.004
4eva,0.001
freaking,0.001
looked,0.004
asking,0.005
logged,0.001
thru,0.002
joanna,0.002
myspace,0.001
chapel,0.001
jobs,0.002
wedding,0.001
frontierville,0.001
pulling,0.001
ringing,0.001
houseful,0.001
brats,0.001
screaming,0.001
palm,0.001
tampa,0.002
omw,0.002
awake,0.003
west,0.001
building,0.001
coat,0.001
thursday,0.004
b4,0.003
funeral,0.001
tuesday,0.003
stressfull..,0.001
laugh..,0.001
adds,0.001
ni8..swt,0.001
dreams..,0.001
norm,0.001
tests,0.001
hen,0.001
letter,0.001
4.15,0.001
access,0.001
wknd,0.001
player,0.002
bluray,0.001
school,0.009
ashley,0.001
headin,0.001
calls..messages..missed,0.003
necessarily,0.001
calls,0.005
pack,0.001
store.like,0.001
cereals,0.001
gari,0.001
june,0.001
soiree,0.001
office,0.01
da..,0.002
hrishi,0.001
important,0.009
atlast,0.001
diamonds,0.002
stones,0.001
fishrman,0.001
throwin,0.001
waited,0.002
in2,0.001
found,0.002
pass,0.001
sea,0.003
sack,0.001
wake,0.007
dark,0.001
1stone,0.001
strtd,0.001
silent,0.006
yet..,0.001
smeone,0.002
force,0.002
falling,0.002
activate,0.001
version,0.003
waves,0.001
fox,0.001
dwn,0.001
footprints,0.001
crab..,0.001
following,0.002
frndsship,0.001
nyt..,0.002
catch,0.004
shore..the,0.001
crab,0.001
cleared,0.001
jaya,0.002
vijay,0.002
wipro,0.002
die,0.003
reltnship..,0.001
hands,0.002
dialogue,0.001
interview,0.002
wipe,0.001
tears,0.001
body..,0.001
thoughts,0.001
joys,0.001
ccna,0.001
greeting..,0.001
daywith,0.001
waking,0.002
tosend,0.001
somewheresomeone,0.001
lifeis,0.001
sit,0.003
across,0.001
prestige,0.001
*kiss*,0.001
da..today,0.001
within,0.004
randomlly,0.001
5min,0.001
forgot..,0.001
opening,0.002
answer,0.006
9+2+4=,0.001
students,0.001
7+2+5=,0.001
answr,0.001
1thing.i,0.001
brilliant,0.001
5+3+2=,0.001
castor,0.001
'xam,0.001
8+6+3=,0.001
uk,0.001
mental,0.001
message.pandy,0.001
travel,0.001
yellow,0.001
bucks,0.002
da..always,0.001
v.,0.001
poorly,0.001
kill,0.001
brb,0.001
punishment,0.001
understand,0.004
worst,0.002
ignoring,0.001
seeing,0.007
ingredients,0.001
de.am,0.001
behave,0.002
obey,0.001
come..til,0.001
lambu,0.001
recharge,0.001
messages,0.003
vl,0.006
batchlor,0.001
ji,0.001
party,0.004
saturday,0.002
-p,0.003
onum,0.001
stone,0.001
normal,0.003
ela,0.001
art,0.001
offer,0.003
dice,0.001
idea,0.003
4got,0.001
ooh,0.001
moseley,0.001
belly,0.001
dancing,0.002
weds,0.001
michael,0.001
spiral,0.001
riddance,0.001
detailed,0.001
eviction,0.001
ridden,0.001
oooh,0.002
goods,0.001
draw,0.002
serious,0.004
struggling,0.001
pls.i,0.001
go.wait,0.001
reppurcussions,0.001
place.no,0.001
ego,0.001
'if,0.001
strange,0.001
necessity,0.001
va,0.001
invited,0.001
drama,0.001
gaut,0.002
rs..,0.001
flies,0.001
thts,0.001
reflex,0.001
rs..i,0.001
avatar,0.003
fake..my,0.001
tried,0.003
u..if,0.001
imp,0.001
hittng,0.001
reffering,0.001
getiing,0.001
ooooooh,0.001
yoville,0.001
haircut,0.001
gifts,0.001
breezy,0.001
cliff,0.001
mum,0.004
cutest,0.001
somerset,0.001
openings,0.001
upcharge,0.001
'til,0.002
wind,0.002
thanksgiving,0.002
airport,0.002
4.47per,0.001
satsgettin,0.001
aquarius,0.001
lie,0.002
pisces,0.001
bar,0.002
ã¼..,0.001
buzy,0.003
lately,0.002
ive,0.001
lotta,0.002
corvettes,0.001
spring,0.001
yay,0.005
university,0.001
parking,0.002
collapsed,0.001
hospital,0.002
parked,0.002
sux,0.002
popped,0.001
sunroof,0.001
movies,0.005
raiden,0.001
snake,0.002
eight,0.001
challenge,0.001
gud..k,0.001
regular,0.001
aka,0.001
checkup,0.001
knw,0.003
telugu..thts,0.001
pap,0.001
smear,0.001
wet,0.001
interest,0.001
figuring,0.001
sup,0.002
willing,0.003
makin,0.001
cookies,0.002
brownies,0.001
hourish,0.001
pics,0.002
weirdy,0.001
numbers,0.001
user,0.001
aptitude,0.001
sign,0.003
rebtel,0.001
display,0.002
firefox,0.001
pin,0.003
lower,0.001
teresa,0.001
reading,0.003
bam,0.001
fantastic,0.001
boat,0.001
naked,0.001
usmle,0.001
thot,0.001
received,0.001
aid,0.001
you'ld,0.001
dec,0.001
package,0.002
sell,0.003
freezing,0.003
concentrate,0.001
papers,0.001
over..,0.001
sad..,0.001
sterling,0.001
province,0.001
research,0.002
problem-free,0.001
spotty,0.001
argh,0.003
first..,0.001
places,0.001
3g,0.001
browser,0.001
stressed,0.001
rent,0.004
fill,0.001
surf,0.001
depressed,0.002
dial,0.001
cuz,0.004
inside,0.005
spageddies,0.001
gals,0.001
cancelled,0.002
fone,0.001
closer,0.001
epsilon,0.001
850.,0.001
650,0.001
telling,0.004
arms,0.001
6times,0.001
cardiff,0.001
sayin,0.001
frnt,0.001
bite,0.001
marriage,0.002
arngd,0.001
bites,0.001
unfortuntly,0.001
buttons,0.001
walkin,0.001
930,0.001
temple,0.001
lido,0.001
bec,0.001
arr,0.001
oscar,0.001
remind,0.001
20,0.002
askin,0.003
math,0.001
salon,0.001
arun,0.002
amt,0.005
transfr,0.002
tmr,0.005
puzzeles,0.001
management,0.003
mayb,0.003
message..no,0.003
responce..what,0.003
orh,0.001
07786200117,0.002
ofâ£2000,0.002
cruise,0.002
18+only,0.002
opt,0.002
oni,0.001
na-tuition..,0.001
ben,0.001
leona,0.002
bcums,0.003
kettoda,0.003
thank,0.003
childish,0.003
manda,0.003
affection,0.003
seriously..,0.003
lovable,0.007
selflessness,0.001
jog,0.001
dear.take,0.001
inform,0.001
iâ€˜m,0.004
tamilnadu..then,0.001
tough,0.006
authorise,0.001
payment,0.001
derek,0.005
taylor,0.003
assumed,0.001
worried,0.004
maps,0.001
dorm,0.001
fyi,0.002
â€¦thanks,0.001
side,0.004
wicket,0.001
steyn,0.001
opposite,0.001
dropped,0.003
tantrum,0.001
fredericksburg,0.001
wrong,0.005
128,0.001
wewa,0.001
255.,0.001
130.,0.001
iriver,0.001
wearing,0.002
finn,0.001
decisions,0.001
honesty,0.001
lanka,0.001
probably,0.012
sucks,0.003
langport,0.001
100,0.001
9pm,0.001
mentor,0.001
percent,0.001
go2sri,0.001
10..,0.001
minus,0.001
paragraphs,0.001
50,0.001
traffic,0.001
tookplace,0.001
slip,0.001
moves,0.001
rd,0.002
accidant,0.001
slovely,0.001
ghodbandar,0.001
hint,0.001
shuhui,0.001
ron,0.001
darren,0.005
reunion,0.001
reckon,0.001
present,0.002
transport,0.001
urself,0.002
token,0.001
see..no,0.001
liking.be,0.001
â€,0.003
“,0.003
me.i,0.001
you.thats,0.001
that.dont,0.001
.a,0.001
get4an18th,0.001
cell,0.002
slide,0.001
river,0.001
king,0.001
tensed,0.001
sex,0.001
sleeps,0.001
cuddling..,0.001
thinks,0.002
dr,0.001
group,0.002
lucky,0.001
matter,0.002
saying,0.005
lim,0.001
chase,0.001
sim,0.001
mp3,0.001
stated,0.001
9-6,0.001
t-shirt,0.001
banter,0.001
uploaded,0.001
bridgwater,0.001
spoken,0.002
nora,0.001
bother,0.003
explicitly,0.001
doesnâ,0.001
walked,0.001
dehydration,0.001
prevent,0.001
fluids,0.001
noun,0.001
plural,0.001
wun,0.002
explain,0.001
'hex,0.001
gravy,0.001
meals,0.001
record,0.003
kfc,0.001
windy,0.001
standing,0.001
bath,0.003
initiate,0.001
perumbavoor,0.001
cooking,0.001
pretty,0.007
grasp,0.001
pussy,0.005
fo,0.001
senor,0.001
lick,0.002
flight,0.001
mesages,0.002
y.,0.002
hurts,0.004
wrkin,0.001
europe,0.001
mistake,0.001
drugs,0.004
finishes,0.002
gary,0.001
advice,0.001
ptbo,0.001
split,0.001
today-sunday..sunday,0.003
showered,0.001
er'ything,0.001
texted,0.002
holiday..so,0.003
work..,0.003
din,0.001
oredi,0.003
walking,0.002
bruv,0.002
yup,0.027
time.you,0.001
nap..,0.001
worrying,0.001
practical,0.002
dime,0.001
2years,0.001
strain,0.001
glands,0.001
swollen,0.001
throat,0.001
miles,0.001
tight,0.001
inches,0.001
gentle,0.003
thinked,0.001
talks,0.001
cme,0.001
hos,0.001
2morow,0.001
juliana,0.001
di,0.002
bowa,0.001
feathery,0.001
permanent,0.001
registration,0.001
begun,0.001
residency,0.001
karnan,0.001
nannys,0.001
6pm,0.001
goto,0.001
monster,0.001
mouth,0.002
significance,0.001
staff,0.001
asa,0.001
rewarding,0.001
oga,0.001
knocking,0.001
whatsup,0.002
per,0.001
spoil,0.001
financial,0.001
ride,0.004
bike,0.001
problem.i,0.001
treasure,0.001
vote,0.002
guides,0.001
tightly,0.001
continue,0.001
walks,0.001
brisk,0.001
soc,0.001
dearly,0.002
eek,0.001
ground,0.001
melt,0.001
flurries,0.001
born,0.002
source,0.003
vry,0.003
urgent.but,0.003
bmw,0.003
lacs.there,0.003
wnt,0.003
lacs..thats,0.003
freinds,0.001
become,0.004
arng,0.003
urgently..its,0.003
idiot,0.001
shortage,0.003
stay,0.005
starting,0.004
system,0.001
friends..,0.003
don\'t,0.002
addicted,0.002
recharged,0.001
boytoy,0.003
antelope,0.001
flower,0.001
bird,0.001
selfindependence,0.001
strike,0.003
grow.random,0.001
begin,0.001
toplay,0.001
battery,0.001
contention,0.001
fieldof,0.001
fetching,0.001
login,0.002
nit,0.001
concentration,0.001
permission,0.001
wana,0.004
big..|,0.001
exhausted,0.002
night.nobody,0.001
success,0.002
cozy,0.001
hostel,0.001
spirit,0.001
choose,0.002
grinule,0.001
when/where,0.001
gray,0.001
remembr,0.001
listn,0.001
watevr,0.001
whenevr,0.001
likely,0.001
perhaps,0.001
isnâ€˜t,0.001
pan,0.001
thatâ€˜s,0.001
mcr,0.001
frying,0.001
itâ€˜s,0.003
silly,0.001
four,0.001
radio,0.001
whens,0.001
ha,0.001
keys,0.001
bookshelf,0.001
iâ€˜ve,0.001
rub,0.001
salt,0.001
wounds,0.001
spot,0.001
yuou,0.001
pc,0.001
stand,0.003
crave,0.001
x.,0.001
v.tired,0.001
nursery,0.001
inspection,0.001
services,0.001
ache,0.001
childporn,0.001
worth,0.001
id,0.006
bowls,0.001
onluy,0.001
lover,0.001
matters,0.001
offcampus,0.001
women,0.001
track,0.003
idc,0.001
row,0.002
weaseling,0.001
download,0.001
clear,0.001
converted,0.001
dvd,0.001
copies,0.001
butting,0.001
freedom,0.002
idk,0.001
added,0.001
moved,0.001
barely,0.003
heads,0.001
vs.,0.001
selling,0.001
abj,0.001
treadmill,0.001
craigslist,0.001
serving,0.001
ad,0.001
potential,0.002
days.he,0.002
searching,0.004
stuffs,0.001
billion,0.001
8am,0.001
stranger,0.002
hiding,0.001
everyboy,0.001
lady,0.003
xxxxxxxx,0.001
donâ,0.001
wuld,0.001
comin,0.003
mummy,0.001
positive,0.001
4a,0.001
hmmmm,0.001
buyer,0.001
negative,0.001
paying,0.001
attention,0.001
series,0.003
level,0.001
india,0.004
wherre,0.001
channel,0.001
spontaneously..,0.001
dear..,0.001
feel..,0.001
loud..,0.001
goodevening,0.001
weird,0.002
short,0.003
on-edge,0.001
fudge,0.001
oreos,0.001
stores,0.002
white,0.002
coughing,0.001
sugar,0.001
tour,0.002
flip,0.002
imma,0.005
curious,0.002
whore,0.001
unbelievable,0.002
drugdealer,0.001
calling,0.002
assume,0.002
belive,0.001
whos,0.001
loud,0.002
shoving,0.001
belong,0.001
gyno,0.001
control,0.001
collected,0.001
dough,0.001
begging,0.001
cup,0.001
smokes,0.002
tiny,0.001
dogwood,0.001
mapquest,0.001
nalla,0.001
entey,0.001
were/are,0.001
adi,0.001
kittum,0.001
nattil,0.001
bet,0.001
apeshit,0.001
chasing,0.002
brothas,0.001
worlds,0.001
magical,0.001
sight,0.001
summer,0.001
oooooh,0.001
lifting,0.001
seconds,0.001
4-6,0.001
exactly,0.003
wife.how,0.003
murder,0.003
american,0.002
icky,0.001
freek,0.001
ninish,0.001
sooner,0.001
kicks,0.002
blake,0.001
lobby,0.001
5.15pm,0.001
pie,0.002
propose,0.001
purchase,0.001
po,0.001
firsg,0.001
esplanade,0.001
hang,0.001
spoiled,0.001
creepy,0.001
day..,0.001
vikky..,0.001
returns,0.001
compulsory,0.001
browsin,0.001
revealing,0.001
aight,0.001
mas,0.003
merry,0.003
advance..,0.003
brandy,0.002
sha,0.001
scotch,0.002
rum,0.002
messenger,0.003
vodka,0.002
wiskey,0.002
gin,0.002
actor,0.001
unemployed,0.001
bruce,0.001
watched,0.001
fowler,0.001
eveb-,0.002
relation,0.001
relation..,0.001
saves,0.001
dem,0.001
prsn,0.001
somtimes,0.001
'wnevr,0.001
fal,0.001
madodu,0.001
pretsorginta,0.001
pretsovru,0.001
alwa,0.001
vth,0.001
nammanna,0.001
nav,0.001
yen,0.001
fals,0.001
bitch,0.002
discount,0.001
student,0.001
weirdo,0.001
thout,0.001
missy,0.001
packing,0.001
sacked,0.001
pre,0.001
fuckin,0.001
thurs,0.001
cons,0.001
intro,0.001
covers,0.001
description,0.001
pages..,0.001
fusion,0.001
iter,0.001
pros,0.001
jet,0.001
brief,0.001
trends,0.001
history,0.001
sooo,0.001
nuclear,0.001
freak,0.001
chop,0.001
healthy,0.001
embarassed,0.001
offered,0.001
cave,0.001
accomodations,0.001
studyn,0.001
embarassing,0.001
page,0.002
men,0.002
location,0.001
nyc,0.003
boston,0.002
signin,0.001
survey,0.001
lunsford,0.001
eatin,0.001
wylie,0.003
dealer,0.001
deer,0.001
mountain,0.001
sumthin,0.002
scary,0.002
2yrs,0.001
x2,0.001
lavender,0.001
craving,0.001
ice,0.002
dreams,0.001
fly..i,0.001
joking.,0.001
glad,0.003
invention,0.001
laready,0.001
str,0.001
failed,0.001
min..,0.001
tog,0.001
cried,0.001
rip,0.001
uterus,0.001
dogbreath,0.001
sounding,0.001
subs,0.001
panic,0.001
extract,0.001
internal,0.001
asthere,0.001
contract,0.001
gonnamissu,0.001
merememberin,0.001
yaxx,0.001
postcard,0.001
jelly,0.001
buttheres,0.001
ofsi,0.001
aboutas,0.001
breakin,0.001
now.onion,0.001
roast,0.002
kano..anyway,0.001
giv..its,0.001
salary..,0.001
registered,0.003
incident..,0.001
witin,0.001
yi,0.001
srsly,0.001
problem..,0.001
poo,0.001
pimples..even,0.001
black..and,0.001
fine.,0.001
sweatter..,0.001
bbd,0.001
pooja,0.001
.be,0.002
june..,0.001
collect,0.001
mei,0.001
rich,0.002
referin,0.001
shld,0.001
waitin,0.002
velachery,0.001
told..she,0.001
restaurant..,0.001
bilo,0.001
edhae,0.001
chikku..,0.001
astne,0.001
weirdest,0.001
acid,0.001
molested,0.001
lyfu,0.001
meow,0.001
evil,0.001
byâ,0.001
yalru,0.001
program,0.001
-sounds,0.001
leafcutter,0.001
johnâ,0.001
chikku..ali,0.001
remixed,0.001
insects,0.001
inperialmusic,0.001
ali,0.001
halla,0.001
ovr,0.001
vargu,0.001
lyf,0.001
innu,0.001
listening2the,0.001
ke,0.001
plumbing,0.001
mundhe,0.001
office..still,0.001
filling,0.001
forms.don,0.001
yar,0.01
error,0.001
sorts,0.001
clever,0.001
guesses,0.001
attach,0.001
aiya,0.001
qing,0.001
act,0.001
se,0.001
scold,0.001
zhong,0.001
solihull,0.001
ge,0.001
racing,0.001
chicken,0.002
horse,0.001
bpo..,0.001
profile,0.001
clean,0.001
hee,0.002
route,0.001
tellmiss,0.001
raining,0.003
non,0.001
yavnt,0.001
original,0.001
worse,0.002
caught,0.002
ruining,0.001
justify,0.001
confirmed,0.001
tho-,0.001
youâ€˜ll,0.001
unlimited,0.002
checking,0.005
sittin,0.001
synced,0.001
drops,0.001
shangela,0.001
badly,0.001
fallen,0.001
child,0.002
actin,0.001
spoilt,0.001
apologetic,0.001
tyler,0.002
tis,0.003
imagine,0.004
docs,0.001
patients,0.001
unlike,0.001
turkeys,0.001
batt,0.001
anybody,0.002
passed,0.001
ahold,0.001
/7,0.001
islands,0.001
sheets,0.001
info,0.001
jay,0.011
joke,0.002
retard,0.001
lit,0.001
list,0.002
fire,0.001
lists,0.001
alternative.hope,0.001
friday.hope,0.001
term,0.002
mums,0.001
soz,0.001
realy,0.001
imat,0.001
probs,0.001
base,0.001
feet*,0.001
*stomps,0.001
slave,0.001
needy,0.001
leo,0.001
*pouts*,0.001
tape,0.001
excited,0.001
measure,0.001
spouse,0.001
shldxxxx,0.001
wasnâ,0.001
pmt,0.001
4give,0.001
week.|,0.001
league,0.001
hex,0.001
haunt,0.001
sorted,0.002
.by,0.001
promoting,0.001
4the,0.001
wallet,0.001
middle,0.001
stuck,0.001
scenario,0.001
walmart,0.003
impression,0.001
mouse,0.001
priscilla,0.001
desk,0.001
reboot,0.001
ym,0.001
auction..,0.001
arguing,0.001
totes,0.001
turning,0.001
agents,0.001
experiment,0.001
woo,0.001
hoo,0.001
vivek,0.001
gang,0.002
dull,0.001
lotr,0.001
tix,0.001
atm,0.001
register,0.001
buying,0.002
field,0.001
process.networking,0.001
worry..,0.001
goodnoon..,0.001
see..,0.001
fact,0.002
cage,0.001
sink,0.001
surrounded,0.001
paces,0.001
reminding,0.001
cuck,0.001
personally,0.001
wuldnt,0.001
parade,0.001
ilol,0.001
grandma,0.001
gift,0.001
â£6,0.002
tues,0.001
addie,0.002
coin,0.001
toss,0.001
gudni8,0.001
choices,0.001
settle,0.001
hassling,0.001
lined,0.001
haughaighgtujhyguj,0.001
andres,0.001
lodge,0.001
anti,0.001
kane,0.001
works,0.001
shud,0.001
vomit,0.001
implications,0.001
rooms,0.001
7.30,0.001
geoenvironmental,0.001
logging,0.001
xam,0.001
manage,0.001
ipaditan,0.001
ponnungale,0.001
intha,0.001
lookin,0.003
hesitation,0.001
silently,0.001
sculpture,0.001
hall,0.001
indeed,0.001
pink,0.001
lead,0.001
lac,0.001
clark,0.002
padhe.g.m,0.001
yrs,0.001
indian,0.003
politicians,0.001
budget,0.002
projects,0.001
crore,0.001
rights,0.001
directors,0.001
roads,0.001
lane,0.001
deposited,0.001
delhi,0.001
monthly,0.001
suply,0.001
form,0.002
blocked,0.001
utter,0.002
pura,0.001
/-,0.001
itna,0.001
karo,0.001
'taxless,0.001
completely,0.003
ki,0.001
village,0.001
corrupt,0.001
swiss,0.001
imf,0.001
infact,0.001
steering,0.001
ammae,0.001
subtoitles,0.001
.life,0.001
fujitsu,0.001
lifebook,0.001
stretch,0.001
positions,0.001
xavier,0.002
kama,0.001
sutra,0.001
perf,0.001
gep,0.001
boye,0.001
replying,0.001
jones,0.001
telly,0.002
brdget,0.001
spell,0.001
plm,0.001
pshew,0.001
anyways,0.002
theatre,0.001
cheesy,0.001
frosty,0.001
fb,0.002
requests,0.001
factory,0.001
lap,0.001
toshiba,0.001
m100,0.001
portege,0.001
previous,0.001
eggs-pert,0.001
headâ€¦,0.001
potato,0.001
strong,0.002
command,0.001
wth,0.001
events,0.001
live..,0.001
irritated,0.001
takecare..,0.001
dear-loving,0.001
necesity,0.001
witout,0.001
jst,0.001
espe,0.001
4wrd,0.001
frnd..,0.001
functions,0.001
wthout,0.001
colleg,0.001
dot,0.001
cared,0.002
puts,0.001
perspective,0.001
phil,0.001
blow,0.001
consensus,0.001
neville,0.001
footie,0.001
chatting,0.001
fix,0.002
figure,0.005
spelling,0.001
fixes,0.001
sometimes,0.002
diff,0.001
wikipedia.com,0.001
vitamin,0.001
single,0.002
issues,0.001
likes,0.002
dislikes,0.002
kid..,0.001
energy..,0.001
bw,0.001
ciao,0.001
reg,0.001
moan,0.002
attributed,0.001
shitstorm,0.001
toledo,0.001
relocate,0.001
audiitions,0.001
percentages,0.001
arithmetic,0.001
simple,0.005
avalarr,0.001
hollalater,0.001
practice,0.001
currently,0.001
2waxsto,0.001
nigh,0.001
insurance,0.001
licks,0.001
owl,0.001
bcum,0.001
ors,0.001
stool,0.001
suggest,0.002
also.or,0.001
2.15,0.001
yes..,0.001
message..,0.001
taxt,0.001
massage,0.001
",s",0.001
lool,0.001
.tie-pos,0.001
asap,0.001
reassuring,0.001
it.,0.001
yes..but,0.001
yes..gauti,0.001
sehwag,0.001
odi,0.001
cricketer,0.002
sachin,0.002
.very,0.002
yes..he,0.002
great..bhaji,0.002
difference,0.001
versus,0.001
crickiting,0.001
yes.he,0.001
yes.i,0.001
yes.mum,0.001
iq,0.004
readiness,0.001
questions,0.001
simulate,0.001
site,0.002
place..,0.002
ques-,0.002
valentine,0.002
answers,0.003
suits,0.002
colour,0.003
sura,0.001
rply,0.001
total,0.001
order,0.003
quarter,0.001
yetunde,0.003
forgive,0.001
seem,0.001
moji,0.001
140,0.001
ã‰,0.001
bedrm,0.001
ã©,0.001
180,0.001
900,0.001
full..,0.001
gymnastics,0.001
chad,0.001
christians,0.001
customer,0.001
problem..but,0.001
liquor,0.001
loko,0.001
flaked,0.001
arrested,0.001
irritation,0.001
effect,0.001
overa,0.001
postponed,0.001
brains,0.001
stocked,0.001
mush,0.001
justbeen,0.001
solve,0.001
dusk,0.001
puzzles,0.001
hotel,0.001
theres,0.001
com,0.001
tmrw,0.001
netflix,0.001
mid,0.001
whassup,0.001
underdtand,0.001
often,0.001
edge,0.001
cry,0.001
byatch,0.001
pushes,0.001
earn,0.001
song..,0.001
safely,0.001
favourite,0.001
howz,0.001
rang,0.001
downstem,0.001
picked,0.001
arm,0.001
mofo,0.001
them..,0.001
asks,0.001
jp,0.001
tomorrow/today,0.001
stock,0.001
askd,0.001
ok..come,0.001
chat..,0.001
mia,0.001
engalnd,0.001
elliot,0.001
kissing,0.001
century,0.001
bigger,0.001
frwd,0.001
posible,0.001
cm,0.001
chic,0.001
declare,0.001
model,0.002
.nt,0.001
scarcasim,0.001
young,0.001
sarcasm..,0.001
hearin,0.001
evng,0.001
met,0.001
savings,0.001
adding,0.001
picture,0.001
zeros,0.001
everywhere,0.001
dirt,0.001
hail,0.001
joy,0.005
flowing,0.001
chores,0.001
mist,0.001
california,0.001
exist,0.001
ryan,0.001
cumming,0.001
bothering,0.001
k.wish,0.001
setting,0.001
issue,0.002
uses,0.001
definite,0.001
greece,0.001
twins,0.001
punch,0.001
barred,0.001
q,0.001
decking,0.001
dungerees,0.001
twat,0.001
fulfil,0.001
breather,0.001
granted,0.001
blessing,0.001
hillsborough,0.001
flavour,0.001
tea,0.001
noncomittal,0.001
drunk,0.001
motherfucker,0.001
booking,0.001
bani,0.001
malaria,0.001
umma,0.001
jot,0.001
recognise,0.001
relax,0.001
wkend,0.001
me..i,0.001
part..,0.001
returned,0.001
dehydrated,0.001
shitload,0.001
paul,0.001
didnâ,0.001
barmed,0.001
jade,0.001
foned,0.001
chuck,0.001
lst,0.001
studies,0.001
anyones,0.001
flippin,0.001
japanese,0.002
proverb,0.002
kerala,0.002
abi,0.001
jabo,0.001
allow,0.001
chords,0.001
proof,0.001
tells,0.001
snickering,0.001
tool,0.001
double-faggot,0.001
warming,0.001
brought,0.001
..shiny,0.001
constant,0.001
tallent,0.001
wasting,0.001
beware,0.002
sinco,0.002
payee,0.002
enter,0.002
frauds,0.002
urn,0.002
log,0.002
confirm,0.002
disclose,0.002
icicibank.com,0.002
impatient,0.001
belligerent,0.001
jesus,0.002
christ,0.001
exposed,0.001
note,0.002
jokin,0.001
duo,0.001
intrepid,0.001
7.30.,0.001
roger,0.001
voted,0.001
jordan,0.001
dom,0.001
jos,0.001
____,0.002
ias,0.002
jumpers,0.001
cribbs,0.001
hat,0.001
shirts,0.001
belt,0.001
approaches,0.001
lifted,0.001
gr8,0.002
hopes,0.001
mandan,0.002
spending,0.001
accept,0.001
hate,0.001
messaged,0.001
chillaxin,0.001
refund,0.001
blowing,0.001
requirements,0.001
thuglyfe,0.001
nigro,0.001
jaykwon,0.001
falconerf,0.001
21st,0.001
shanghai,0.001
cya,0.001
broth,0.001
ramen,0.001
anthony,0.001
arrived,0.001
.|,0.001
fees,0.001
heâ,0.001
bloke,0.001
meat,0.001
gona,0.001
supreme,0.001
trouble,0.001
dave,0.001
2getha,0.001
heading,0.001
checked,0.001
half-8th,0.001
jeremiah,0.001
surgical,0.001
unfolds,0.001
grand,0.002
prix,0.001
emergency,0.001
miserable,0.001
easier,0.001
neighbors,0.001
em,0.001
faglord,0.001
plate,0.001
leftovers,0.001
slice,0.001
turn,0.001
forced,0.001
tryin,0.001
collages,0.001
arty,0.001
jerk,0.001
notting,0.001
adventure,0.001
kr,0.002
successfully,0.002
keralacircle,0.002
refilled,0.002
inr,0.002
prepaid,0.002
balance,0.002
clocks,0.001
realised,0.001
7.,0.005
wahay,0.001
â£33.65,0.001
hopeing,0.001
pending,0.001
wasnâ€˜t,0.001
overheating,0.001
reslove,0.001
inst,0.001
sisters,0.001
board,0.001
genius,0.001
ph,0.001
favour,0.001
robs,0.001
message.it,0.001
avenge,0.001
burger,0.001
hme,0.001
killing,0.001
spl,0.004
matured,0.004
reply..,0.004
5.,0.004
8.,0.004
jada,0.004
stylish,0.004
kusruthi,0.004
6.,0.004
9.,0.004
character,0.004
skype,0.001
perfect,0.001
incomm,0.001
doubt,0.001
smart,0.001
preferably,0.001
choosing,0.001
guidance,0.001
hu,0.001
require,0.001
female,0.001
specific,0.001
navigate,0.001
sleeping..and,0.003
surfing,0.004
parent,0.001
unintentional,0.001
flaky,0.001
nonetheless,0.001
it'snot,0.001
involve,0.001
brainy,0.001
apologise,0.001
imposed,0.001
flash,0.001
taste,0.001
yoyyooo,0.001
curry,0.001
permissions,0.001
yun,0.003
wkg,0.001
suppose,0.001
nus,0.001
specialise,0.001
sc,0.001
dates,0.001
ah.now,0.001
wad,0.001
67441233,0.001
irene.ere,0.001
el,0.001
ah.the,0.001
cres,0.001
nino,0.001
park.6ph,0.001
days.ã¨n,0.001
5wkg,0.001
ubi,0.001
tech,0.001
tomorrow.call,0.001
"bus8,22,65,61,66,382",0.001
2000,0.001
kidding,0.001
holy,0.001
yunny,0.002
yeesh,0.001
citylink,0.001
qet,0.001
blur,0.001
howard,0.001
sunoco,0.001
forms,0.001
buffet,0.001
consent,0.001
nordstrom,0.001
yijue,0.001
figures,0.001
pages,0.001
plaza,0.001
crashing,0.001
closes,0.001
breaking,0.001
cstore,0.001
issues..,0.001
elaborating,0.001
safety,0.001
aspects,0.001
drove,0.001
fren,0.002
paragon,0.001
drink.pa,0.001
srs,0.001
730,0.001
printing,0.001
handing,0.001
films,0.001
review,0.001
bro,0.001
creative,0.001
8th,0.001
fifty,0.001
izzit,0.001
heavily,0.001
